feature_id,log2_fold_change,p_value,p_adjusted_bh,neg_log10_p,neg_log10_padj,category
FAKE001,-0.164,8.411e-01,8.411e-01,0.075,0.075,未過門檻
FAKE002,0.804,1.455e-02,3.021e-02,1.837,1.520,只過校正後p值門檻
FAKE003,1.273,5.850e-05,1.625e-04,4.233,3.789,上調（過雙門檻）
FAKE004,-2.440,9.684e-02,1.513e-01,1.014,0.820,只過倍數門檻
FAKE005,-0.354,4.589e-01,5.214e-01,0.338,0.283,未過門檻
FAKE006,-0.173,3.563e-01,4.242e-01,0.448,0.372,未過門檻
FAKE007,-0.082,5.491e-01,5.867e-01,0.260,0.232,未過門檻
FAKE008,-1.777,4.474e-07,1.491e-06,6.349,5.826,下調（過雙門檻）
FAKE009,0.003,1.034e-01,1.560e-01,0.986,0.807,未過門檻
FAKE010,-1.315,4.806e-06,1.413e-05,5.318,4.850,下調（過雙門檻）
FAKE011,2.829,8.082e-09,3.109e-08,8.092,7.507,上調（過雙門檻）
FAKE012,2.851,1.061e-01,1.560e-01,0.974,0.807,只過倍數門檻
FAKE013,-2.447,1.018e-10,8.480e-10,9.992,9.072,下調（過雙門檻）
FAKE014,1.273,2.642e-12,6.604e-11,11.578,10.180,上調（過雙門檻）
FAKE015,-0.277,3.858e-01,4.486e-01,0.414,0.348,未過門檻
FAKE016,-0.132,7.310e-10,4.061e-09,9.136,8.391,只過校正後p值門檻
FAKE017,0.088,2.949e-01,3.686e-01,0.530,0.433,未過門檻
FAKE018,-0.869,1.858e-02,3.440e-02,1.731,1.463,只過校正後p值門檻
FAKE019,0.695,6.515e-01,6.786e-01,0.186,0.168,未過門檻
FAKE020,-0.097,7.095e-01,7.240e-01,0.149,0.140,未過門檻
FAKE021,-2.334,1.181e-01,1.687e-01,0.928,0.773,只過倍數門檻
FAKE022,3.008,1.965e-12,6.604e-11,11.707,10.180,上調（過雙門檻）
FAKE023,2.784,8.916e-11,8.480e-10,10.050,9.072,上調（過雙門檻）
FAKE024,-0.125,5.515e-01,5.867e-01,0.258,0.232,未過門檻
FAKE025,-2.851,3.328e-11,4.160e-10,10.478,9.381,下調（過雙門檻）
FAKE026,0.200,4.635e-10,2.897e-09,9.334,8.538,只過校正後p值門檻
FAKE027,-3.761,7.456e-02,1.243e-01,1.127,0.906,只過倍數門檻
FAKE028,-2.162,7.627e-09,3.109e-08,8.118,7.507,下調（過雙門檻）
FAKE029,-0.360,3.789e-09,1.895e-08,8.421,7.722,只過校正後p值門檻
FAKE030,0.533,7.452e-03,1.863e-02,2.128,1.730,只過校正後p值門檻
FAKE031,-2.352,2.436e-10,1.740e-09,9.613,8.759,下調（過雙門檻）
FAKE032,3.302,2.715e-06,8.484e-06,5.566,5.071,上調（過雙門檻）
FAKE033,0.380,4.324e-09,1.965e-08,8.364,7.707,只過校正後p值門檻
FAKE034,-0.556,1.571e-02,3.021e-02,1.804,1.520,只過校正後p值門檻
FAKE035,-1.741,6.683e-05,1.759e-04,4.175,3.755,下調（過雙門檻）
FAKE036,0.233,5.402e-02,9.314e-02,1.267,1.031,未過門檻
FAKE037,2.781,6.257e-12,1.043e-10,11.204,9.982,上調（過雙門檻）
FAKE038,0.011,1.241e-01,1.723e-01,0.906,0.764,未過門檻
FAKE039,2.741,6.049e-08,2.160e-07,7.218,6.666,上調（過雙門檻）
FAKE040,-0.416,3.203e-02,5.720e-02,1.494,1.243,未過門檻
FAKE041,0.745,1.416e-01,1.913e-01,0.849,0.718,未過門檻
FAKE042,-0.324,4.711e-01,5.235e-01,0.327,0.281,未過門檻
FAKE043,0.063,9.495e-03,2.158e-02,2.022,1.666,只過校正後p值門檻
FAKE044,0.546,9.346e-02,1.507e-01,1.029,0.822,未過門檻
FAKE045,-0.074,3.116e-01,3.800e-01,0.506,0.420,未過門檻
FAKE046,-0.092,1.569e-01,2.064e-01,0.805,0.685,未過門檻
FAKE047,-0.302,1.238e-02,2.692e-02,1.907,1.570,只過校正後p值門檻
FAKE048,-0.355,1.654e-01,2.121e-01,0.781,0.673,未過門檻
FAKE049,-0.150,1.527e-02,3.021e-02,1.816,1.520,只過校正後p值門檻
FAKE050,-0.016,9.106e-03,2.158e-02,2.041,1.666,只過校正後p值門檻
