# 虛構資料，數字未核｜圖 S4：正弦波（週期 30）＋雜訊 0.1，標準化；三組 (m,τ)=(1,1)/(2,8)/(2,15)｜由 draw_recurrence.py 相同種子重算匯出（export_samples.py）
t,z_value,data_status
0,0.140193,虛構資料，數字未核
1,0.287225,虛構資料，數字未核
2,0.476528,虛構資料，數字未核
3,0.820689,虛構資料，數字未核
4,0.961284,虛構資料，數字未核
5,1.288428,虛構資料，數字未核
6,1.214639,虛構資料，數字未核
7,1.443224,虛構資料，數字未核
8,1.534408,虛構資料，數字未核
9,1.504574,虛構資料，數字未核
10,1.245823,虛構資料，數字未核
11,1.035956,虛構資料，數字未核
12,0.884524,虛構資料，數字未核
13,0.658772,虛構資料，數字未核
14,0.525680,虛構資料，數字未核
15,-0.160462,虛構資料，數字未核
16,-0.436368,虛構資料，數字未核
17,-0.486683,虛構資料，數字未核
18,-1.029494,虛構資料，數字未核
19,-0.903104,虛構資料，數字未核
20,-1.149503,虛構資料，數字未核
21,-1.095915,虛構資料，數字未核
22,-1.276100,虛構資料，數字未核
23,-1.414825,虛構資料，數字未核
24,-1.320206,虛構資料，數字未核
25,-1.284381,虛構資料，數字未核
26,-1.028601,虛構資料，數字未核
27,-1.103273,虛構資料，數字未核
28,-0.863325,虛構資料，數字未核
29,-0.619932,虛構資料，數字未核
30,0.110149,虛構資料，數字未核
31,0.410963,虛構資料，數字未核
32,0.547374,虛構資料，數字未核
33,0.843423,虛構資料，數字未核
34,0.780585,虛構資料，數字未核
35,1.167615,虛構資料，數字未核
36,1.599822,虛構資料，數字未核
37,1.534684,虛構資料，數字未核
38,1.493523,虛構資料，數字未核
39,1.487615,虛構資料，數字未核
40,1.172974,虛構資料，數字未核
41,1.051348,虛構資料，數字未核
42,0.800232,虛構資料，數字未核
43,0.677766,虛構資料，數字未核
44,0.422967,虛構資料，數字未核
45,-0.180210,虛構資料，數字未核
46,-0.620289,虛構資料，數字未核
47,-0.377482,虛構資料，數字未核
48,-0.780639,虛構資料，數字未核
49,-1.166917,虛構資料，數字未核
50,-1.225472,虛構資料，數字未核
51,-1.305152,虛構資料，數字未核
52,-1.435488,虛構資料，數字未核
53,-1.470901,虛構資料，數字未核
54,-1.131797,虛構資料，數字未核
55,-1.261407,虛構資料，數字未核
56,-0.944718,虛構資料，數字未核
57,-0.664643,虛構資料，數字未核
58,-0.646993,虛構資料，數字未核
59,-0.504087,虛構資料，數字未核
60,0.112230,虛構資料，數字未核
61,0.393531,虛構資料，數字未核
62,0.682874,虛構資料，數字未核
63,0.760490,虛構資料，數字未核
64,1.117402,虛構資料，數字未核
65,1.094456,虛構資料，數字未核
66,1.401682,虛構資料，數字未核
67,1.313714,虛構資料，數字未核
68,1.448768,虛構資料，數字未核
69,1.525085,虛構資料，數字未核
70,1.376208,虛構資料，數字未核
71,1.105196,虛構資料，數字未核
72,0.959975,虛構資料，數字未核
73,0.491161,虛構資料，數字未核
74,0.038178,虛構資料，數字未核
75,-0.095317,虛構資料，數字未核
76,-0.411196,虛構資料，數字未核
77,-0.658758,虛構資料，數字未核
78,-0.975247,虛構資料，數字未核
79,-0.973921,虛構資料，數字未核
80,-1.212350,虛構資料，數字未核
81,-1.618036,虛構資料，數字未核
82,-1.430658,虛構資料，數字未核
83,-1.361383,虛構資料，數字未核
84,-1.301781,虛構資料，數字未核
85,-1.215487,虛構資料，數字未核
86,-0.936380,虛構資料，數字未核
87,-0.903009,虛構資料，數字未核
88,-0.421126,虛構資料，數字未核
89,-0.249423,虛構資料，數字未核
90,0.091034,虛構資料，數字未核
91,0.213670,虛構資料，數字未核
92,0.594481,虛構資料，數字未核
93,0.977650,虛構資料，數字未核
94,1.096818,虛構資料，數字未核
95,1.182734,虛構資料，數字未核
96,1.451278,虛構資料，數字未核
97,1.579158,虛構資料，數字未核
98,1.515238,虛構資料，數字未核
99,1.470447,虛構資料，數字未核
100,1.356517,虛構資料，數字未核
101,1.138234,虛構資料，數字未核
102,0.872641,虛構資料，數字未核
103,0.663242,虛構資料，數字未核
104,0.480940,虛構資料，數字未核
105,0.090321,虛構資料，數字未核
106,-0.525502,虛構資料，數字未核
107,-0.469267,虛構資料，數字未核
108,-0.676516,虛構資料，數字未核
109,-1.128678,虛構資料，數字未核
110,-1.177952,虛構資料，數字未核
111,-1.209377,虛構資料，數字未核
112,-1.624070,虛構資料，數字未核
113,-1.490524,虛構資料，數字未核
114,-1.288293,虛構資料，數字未核
115,-1.240861,虛構資料，數字未核
116,-0.827244,虛構資料，數字未核
117,-0.907897,虛構資料，數字未核
118,-0.876913,虛構資料，數字未核
119,-0.509508,虛構資料，數字未核
120,0.062092,虛構資料，數字未核
121,0.066705,虛構資料，數字未核
122,0.687658,虛構資料，數字未核
123,0.904682,虛構資料，數字未核
124,0.914937,虛構資料，數字未核
125,1.089815,虛構資料，數字未核
126,1.286617,虛構資料，數字未核
127,1.271865,虛構資料，數字未核
128,1.274709,虛構資料，數字未核
129,1.203714,虛構資料，數字未核
130,1.310521,虛構資料，數字未核
131,1.118143,虛構資料，數字未核
132,0.808900,虛構資料，數字未核
133,0.447128,虛構資料，數字未核
134,0.402707,虛構資料，數字未核
135,-0.093251,虛構資料，數字未核
136,-0.310153,虛構資料，數字未核
137,-0.496513,虛構資料，數字未核
138,-0.853270,虛構資料，數字未核
139,-1.295955,虛構資料，數字未核
140,-1.254726,虛構資料，數字未核
141,-1.498041,虛構資料，數字未核
142,-1.247954,虛構資料，數字未核
143,-1.286650,虛構資料，數字未核
144,-1.297790,虛構資料，數字未核
145,-1.469305,虛構資料，數字未核
146,-0.910355,虛構資料，數字未核
147,-1.022946,虛構資料，數字未核
148,-0.383970,虛構資料，數字未核
149,0.058678,虛構資料，數字未核
150,0.080611,虛構資料，數字未核
151,0.395982,虛構資料，數字未核
152,0.641237,虛構資料，數字未核
153,1.093663,虛構資料，數字未核
154,0.873709,虛構資料，數字未核
155,1.050006,虛構資料，數字未核
156,1.178270,虛構資料，數字未核
157,1.298844,虛構資料，數字未核
158,1.215591,虛構資料，數字未核
159,1.297767,虛構資料，數字未核
160,1.225830,虛構資料，數字未核
161,1.181601,虛構資料，數字未核
162,0.741829,虛構資料，數字未核
163,0.463524,虛構資料，數字未核
164,0.484676,虛構資料，數字未核
165,0.020243,虛構資料，數字未核
166,-0.229606,虛構資料，數字未核
167,-0.593092,虛構資料，數字未核
168,-0.808186,虛構資料，數字未核
169,-1.002219,虛構資料，數字未核
170,-1.406518,虛構資料，數字未核
171,-1.402657,虛構資料，數字未核
172,-1.283293,虛構資料，數字未核
173,-1.579989,虛構資料，數字未核
174,-1.361571,虛構資料，數字未核
175,-1.326085,虛構資料，數字未核
176,-1.291281,虛構資料，數字未核
177,-1.010349,虛構資料，數字未核
178,-0.539901,虛構資料，數字未核
179,-0.194037,虛構資料，數字未核
180,-0.035419,虛構資料，數字未核
181,0.362019,虛構資料，數字未核
182,0.718024,虛構資料，數字未核
183,0.790191,虛構資料，數字未核
184,1.042752,虛構資料，數字未核
185,1.117245,虛構資料，數字未核
186,1.252700,虛構資料，數字未核
187,1.143328,虛構資料，數字未核
188,1.501840,虛構資料，數字未核
189,1.197663,虛構資料，數字未核
190,1.290139,虛構資料，數字未核
191,1.057395,虛構資料，數字未核
192,0.904970,虛構資料，數字未核
193,0.640248,虛構資料，數字未核
194,0.423829,虛構資料，數字未核
195,-0.254986,虛構資料，數字未核
196,-0.260224,虛構資料，數字未核
197,-0.490245,虛構資料，數字未核
198,-0.664889,虛構資料，數字未核
199,-1.043904,虛構資料，數字未核
200,-1.163526,虛構資料，數字未核
201,-1.260967,虛構資料，數字未核
202,-1.247128,虛構資料，數字未核
203,-1.229289,虛構資料，數字未核
204,-1.261365,虛構資料，數字未核
205,-1.377136,虛構資料，數字未核
206,-1.056887,虛構資料，數字未核
207,-0.859379,虛構資料，數字未核
208,-0.683720,虛構資料，數字未核
209,-0.434014,虛構資料，數字未核
210,-0.253026,虛構資料，數字未核
211,0.036396,虛構資料，數字未核
212,0.577470,虛構資料，數字未核
213,0.600509,虛構資料，數字未核
214,1.080106,虛構資料，數字未核
215,1.180265,虛構資料，數字未核
216,1.389250,虛構資料，數字未核
217,1.515817,虛構資料，數字未核
218,1.531461,虛構資料，數字未核
219,1.212770,虛構資料，數字未核
220,1.320476,虛構資料，數字未核
221,0.940711,虛構資料，數字未核
222,1.061460,虛構資料，數字未核
223,0.764232,虛構資料，數字未核
224,0.376967,虛構資料，數字未核
225,0.023930,虛構資料，數字未核
226,-0.172481,虛構資料，數字未核
227,-0.630745,虛構資料，數字未核
228,-0.817908,虛構資料，數字未核
229,-1.066900,虛構資料，數字未核
230,-1.011313,虛構資料，數字未核
231,-0.985124,虛構資料，數字未核
232,-1.382226,虛構資料，數字未核
233,-1.417182,虛構資料，數字未核
234,-1.330815,虛構資料，數字未核
235,-1.307500,虛構資料，數字未核
236,-0.986173,虛構資料，數字未核
237,-0.753780,虛構資料，數字未核
238,-0.655739,虛構資料，數字未核
239,-0.274868,虛構資料，數字未核
240,0.047270,虛構資料，數字未核
241,0.292884,虛構資料，數字未核
242,0.611366,虛構資料，數字未核
243,0.731436,虛構資料，數字未核
244,1.011498,虛構資料，數字未核
245,1.025924,虛構資料，數字未核
246,1.254489,虛構資料，數字未核
247,1.506550,虛構資料，數字未核
248,1.206670,虛構資料，數字未核
249,1.205776,虛構資料，數字未核
250,1.018310,虛構資料，數字未核
251,0.957754,虛構資料，數字未核
252,0.876262,虛構資料，數字未核
253,0.610913,虛構資料，數字未核
254,0.333669,虛構資料，數字未核
255,-0.096656,虛構資料，數字未核
256,-0.157529,虛構資料，數字未核
257,-0.809534,虛構資料，數字未核
258,-0.968668,虛構資料，數字未核
259,-1.090853,虛構資料，數字未核
260,-1.220149,虛構資料，數字未核
261,-1.391482,虛構資料，數字未核
262,-1.411246,虛構資料，數字未核
263,-1.271267,虛構資料，數字未核
264,-1.154772,虛構資料，數字未核
265,-0.947368,虛構資料，數字未核
266,-1.198567,虛構資料，數字未核
267,-0.893106,虛構資料，數字未核
268,-0.534728,虛構資料，數字未核
269,-0.329656,虛構資料，數字未核
270,0.208649,虛構資料，數字未核
271,0.101592,虛構資料，數字未核
272,0.437853,虛構資料，數字未核
273,0.790814,虛構資料，數字未核
274,1.073282,虛構資料，數字未核
275,1.471658,虛構資料，數字未核
276,1.110011,虛構資料，數字未核
277,1.345041,虛構資料，數字未核
278,1.518505,虛構資料，數字未核
279,1.191633,虛構資料，數字未核
280,0.890573,虛構資料，數字未核
281,0.887941,虛構資料，數字未核
282,0.626777,虛構資料，數字未核
283,0.713754,虛構資料，數字未核
284,0.521700,虛構資料，數字未核
285,-0.157880,虛構資料，數字未核
286,0.035541,虛構資料，數字未核
287,-0.702607,虛構資料，數字未核
288,-0.688878,虛構資料，數字未核
289,-0.751789,虛構資料，數字未核
290,-1.303495,虛構資料，數字未核
291,-1.214727,虛構資料，數字未核
292,-1.189724,虛構資料，數字未核
293,-1.427577,虛構資料，數字未核
294,-1.426311,虛構資料，數字未核
295,-1.242030,虛構資料，數字未核
296,-1.041294,虛構資料，數字未核
297,-0.716411,虛構資料，數字未核
298,-0.376923,虛構資料，數字未核
299,-0.402064,虛構資料，數字未核
