source,target,relation,weight
Eng_Ada,Mgr_Omar,reporting,1
Eng_Ben,Mgr_Omar,reporting,1
Eng_Chen,Mgr_Omar,reporting,1
Eng_Dora,Mgr_Omar,reporting,1
Eng_Eli,Mgr_Omar,reporting,1
Eng_Fay,Mgr_Omar,reporting,1
Sales_Gus,Mgr_Pia,reporting,1
Sales_Hana,Mgr_Pia,reporting,1
Sales_Ivy,Mgr_Pia,reporting,1
Sales_Jon,Mgr_Pia,reporting,1
Res_Kai,Mgr_Quin,reporting,1
Res_Lin,Mgr_Quin,reporting,1
Res_Mo,Mgr_Quin,reporting,1
Res_Nia,Mgr_Quin,reporting,1
Mgr_Omar,Mgr_Pia,reporting,1
Mgr_Quin,Mgr_Pia,reporting,1
Eng_Ada,Eng_Ben,collaboration,9
Eng_Ada,Eng_Chen,collaboration,7
Eng_Ada,Res_Kai,collaboration,8
Eng_Ada,Res_Lin,collaboration,6
Eng_Ada,Sales_Gus,collaboration,5
Eng_Ada,Eng_Eli,collaboration,6
Eng_Ben,Eng_Dora,collaboration,4
Eng_Chen,Res_Mo,collaboration,5
Eng_Dora,Eng_Fay,collaboration,3
Eng_Eli,Sales_Hana,collaboration,4
Res_Kai,Res_Nia,collaboration,6
Res_Lin,Sales_Ivy,collaboration,3
Sales_Gus,Sales_Jon,collaboration,5
Eng_Fay,Res_Nia,collaboration,2
Eng_Ben,Sales_Hana,social,3
Eng_Chen,Eng_Dora,social,2
Sales_Ivy,Sales_Jon,social,4
Res_Mo,Sales_Gus,social,2
Eng_Eli,Eng_Fay,social,3
Res_Lin,Res_Nia,social,2
Mgr_Omar,Mgr_Quin,social,1
Sales_Hana,Res_Kai,social,1
