hour,series,cpu_percent,data_status
0,machine_01,37.7,虛構資料，數字未核
1,machine_01,34.4,虛構資料，數字未核
2,machine_01,38.7,虛構資料，數字未核
3,machine_01,40.7,虛構資料，數字未核
4,machine_01,35.7,虛構資料，數字未核
5,machine_01,41.4,虛構資料，數字未核
6,machine_01,43.4,虛構資料，數字未核
7,machine_01,46.6,虛構資料，數字未核
8,machine_01,47.3,虛構資料，數字未核
9,machine_01,48.2,虛構資料，數字未核
10,machine_01,53.3,虛構資料，數字未核
11,machine_01,48.9,虛構資料，數字未核
12,machine_01,53.6,虛構資料，數字未核
13,machine_01,47.4,虛構資料，數字未核
14,machine_01,47.6,虛構資料，數字未核
15,machine_01,50.4,虛構資料，數字未核
16,machine_01,45.6,虛構資料，數字未核
17,machine_01,45.4,虛構資料，數字未核
18,machine_01,44.7,虛構資料，數字未核
19,machine_01,44.7,虛構資料，數字未核
20,machine_01,38.7,虛構資料，數字未核
21,machine_01,40.0,虛構資料，數字未核
22,machine_01,32.0,虛構資料，數字未核
23,machine_01,35.4,虛構資料，數字未核
0,machine_02,34.7,虛構資料，數字未核
1,machine_02,36.0,虛構資料，數字未核
2,machine_02,38.3,虛構資料，數字未核
3,machine_02,42.3,虛構資料，數字未核
4,machine_02,37.9,虛構資料，數字未核
5,machine_02,46.3,虛構資料，數字未核
6,machine_02,45.5,虛構資料，數字未核
7,machine_02,44.5,虛構資料，數字未核
8,machine_02,49.3,虛構資料，數字未核
9,machine_02,52.3,虛構資料，數字未核
10,machine_02,50.5,虛構資料，數字未核
11,machine_02,57.2,虛構資料，數字未核
12,machine_02,57.1,虛構資料，數字未核
13,machine_02,53.0,虛構資料，數字未核
14,machine_02,51.5,虛構資料，數字未核
15,machine_02,52.6,虛構資料，數字未核
16,machine_02,53.1,虛構資料，數字未核
17,machine_02,50.7,虛構資料，數字未核
18,machine_02,45.6,虛構資料，數字未核
19,machine_02,42.4,虛構資料，數字未核
20,machine_02,39.9,虛構資料，數字未核
21,machine_02,34.9,虛構資料，數字未核
22,machine_02,34.7,虛構資料，數字未核
23,machine_02,40.9,虛構資料，數字未核
0,machine_03,34.6,虛構資料，數字未核
1,machine_03,33.6,虛構資料，數字未核
2,machine_03,39.9,虛構資料，數字未核
3,machine_03,34.6,虛構資料，數字未核
4,machine_03,41.4,虛構資料，數字未核
5,machine_03,38.0,虛構資料，數字未核
6,machine_03,45.2,虛構資料，數字未核
7,machine_03,41.8,虛構資料，數字未核
8,machine_03,49.9,虛構資料，數字未核
9,machine_03,47.4,虛構資料，數字未核
10,machine_03,51.9,虛構資料，數字未核
11,machine_03,46.0,虛構資料，數字未核
12,machine_03,49.4,虛構資料，數字未核
13,machine_03,52.3,虛構資料，數字未核
14,machine_03,92.1,虛構資料，數字未核
15,machine_03,52.1,虛構資料，數字未核
16,machine_03,51.5,虛構資料，數字未核
17,machine_03,47.0,虛構資料，數字未核
18,machine_03,41.9,虛構資料，數字未核
19,machine_03,39.5,虛構資料，數字未核
20,machine_03,38.2,虛構資料，數字未核
21,machine_03,39.0,虛構資料，數字未核
22,machine_03,33.3,虛構資料，數字未核
23,machine_03,36.9,虛構資料，數字未核
0,machine_04,34.9,虛構資料，數字未核
1,machine_04,40.2,虛構資料，數字未核
2,machine_04,44.0,虛構資料，數字未核
3,machine_04,40.4,虛構資料，數字未核
4,machine_04,40.5,虛構資料，數字未核
5,machine_04,39.6,虛構資料，數字未核
6,machine_04,48.7,虛構資料，數字未核
7,machine_04,46.9,虛構資料，數字未核
8,machine_04,57.8,虛構資料，數字未核
9,machine_04,53.2,虛構資料，數字未核
10,machine_04,50.6,虛構資料，數字未核
11,machine_04,48.9,虛構資料，數字未核
12,machine_04,53.4,虛構資料，數字未核
13,machine_04,52.4,虛構資料，數字未核
14,machine_04,53.6,虛構資料，數字未核
15,machine_04,55.3,虛構資料，數字未核
16,machine_04,52.9,虛構資料，數字未核
17,machine_04,48.0,虛構資料，數字未核
18,machine_04,45.6,虛構資料，數字未核
19,machine_04,51.5,虛構資料，數字未核
20,machine_04,44.3,虛構資料，數字未核
21,machine_04,40.6,虛構資料，數字未核
22,machine_04,38.6,虛構資料，數字未核
23,machine_04,31.5,虛構資料，數字未核
0,machine_05,35.4,虛構資料，數字未核
1,machine_05,36.0,虛構資料，數字未核
2,machine_05,35.6,虛構資料，數字未核
3,machine_05,39.8,虛構資料，數字未核
4,machine_05,39.5,虛構資料，數字未核
5,machine_05,39.8,虛構資料，數字未核
6,machine_05,45.3,虛構資料，數字未核
7,machine_05,46.0,虛構資料，數字未核
8,machine_05,47.5,虛構資料，數字未核
9,machine_05,54.1,虛構資料，數字未核
10,machine_05,53.7,虛構資料，數字未核
11,machine_05,52.6,虛構資料，數字未核
12,machine_05,55.5,虛構資料，數字未核
13,machine_05,46.4,虛構資料，數字未核
14,machine_05,55.8,虛構資料，數字未核
15,machine_05,49.9,虛構資料，數字未核
16,machine_05,46.8,虛構資料，數字未核
17,machine_05,47.3,虛構資料，數字未核
18,machine_05,39.7,虛構資料，數字未核
19,machine_05,42.0,虛構資料，數字未核
20,machine_05,34.8,虛構資料，數字未核
21,machine_05,38.1,虛構資料，數字未核
22,machine_05,32.0,虛構資料，數字未核
23,machine_05,33.9,虛構資料，數字未核
0,machine_06,47.8,虛構資料，數字未核
1,machine_06,46.7,虛構資料，數字未核
2,machine_06,45.6,虛構資料，數字未核
3,machine_06,46.9,虛構資料，數字未核
4,machine_06,49.3,虛構資料，數字未核
5,machine_06,49.9,虛構資料，數字未核
6,machine_06,53.5,虛構資料，數字未核
7,machine_06,55.7,虛構資料，數字未核
8,machine_06,63.7,虛構資料，數字未核
9,machine_06,58.9,虛構資料，數字未核
10,machine_06,67.7,虛構資料，數字未核
11,machine_06,63.9,虛構資料，數字未核
12,machine_06,58.8,虛構資料，數字未核
13,machine_06,67.1,虛構資料，數字未核
14,machine_06,100.0,虛構資料，數字未核
15,machine_06,63.4,虛構資料，數字未核
16,machine_06,58.8,虛構資料，數字未核
17,machine_06,50.4,虛構資料，數字未核
18,machine_06,57.6,虛構資料，數字未核
19,machine_06,51.1,虛構資料，數字未核
20,machine_06,51.9,虛構資料，數字未核
21,machine_06,46.0,虛構資料，數字未核
22,machine_06,44.6,虛構資料，數字未核
23,machine_06,49.5,虛構資料，數字未核
0,machine_07,36.7,虛構資料，數字未核
1,machine_07,49.1,虛構資料，數字未核
2,machine_07,48.6,虛構資料，數字未核
3,machine_07,50.0,虛構資料，數字未核
4,machine_07,47.2,虛構資料，數字未核
5,machine_07,51.2,虛構資料，數字未核
6,machine_07,55.5,虛構資料，數字未核
7,machine_07,57.5,虛構資料，數字未核
8,machine_07,59.7,虛構資料，數字未核
9,machine_07,57.1,虛構資料，數字未核
10,machine_07,63.5,虛構資料，數字未核
11,machine_07,63.6,虛構資料，數字未核
12,machine_07,59.9,虛構資料，數字未核
13,machine_07,61.9,虛構資料，數字未核
14,machine_07,59.4,虛構資料，數字未核
15,machine_07,60.2,虛構資料，數字未核
16,machine_07,63.1,虛構資料，數字未核
17,machine_07,55.8,虛構資料，數字未核
18,machine_07,54.1,虛構資料，數字未核
19,machine_07,50.3,虛構資料，數字未核
20,machine_07,48.2,虛構資料，數字未核
21,machine_07,56.7,虛構資料，數字未核
22,machine_07,46.2,虛構資料，數字未核
23,machine_07,46.1,虛構資料，數字未核
0,machine_08,34.5,虛構資料，數字未核
1,machine_08,35.9,虛構資料，數字未核
2,machine_08,40.9,虛構資料，數字未核
3,machine_08,40.0,虛構資料，數字未核
4,machine_08,36.8,虛構資料，數字未核
5,machine_08,45.4,虛構資料，數字未核
6,machine_08,49.5,虛構資料，數字未核
7,machine_08,48.6,虛構資料，數字未核
8,machine_08,48.1,虛構資料，數字未核
9,machine_08,55.0,虛構資料，數字未核
10,machine_08,50.6,虛構資料，數字未核
11,machine_08,56.8,虛構資料，數字未核
12,machine_08,56.1,虛構資料，數字未核
13,machine_08,55.8,虛構資料，數字未核
14,machine_08,53.9,虛構資料，數字未核
15,machine_08,46.7,虛構資料，數字未核
16,machine_08,54.4,虛構資料，數字未核
17,machine_08,49.5,虛構資料，數字未核
18,machine_08,49.0,虛構資料，數字未核
19,machine_08,42.8,虛構資料，數字未核
20,machine_08,48.2,虛構資料，數字未核
21,machine_08,35.8,虛構資料，數字未核
22,machine_08,44.8,虛構資料，數字未核
23,machine_08,47.7,虛構資料，數字未核
0,machine_09,39.8,虛構資料，數字未核
1,machine_09,36.7,虛構資料，數字未核
2,machine_09,40.7,虛構資料，數字未核
3,machine_09,32.2,虛構資料，數字未核
4,machine_09,38.8,虛構資料，數字未核
5,machine_09,39.8,虛構資料，數字未核
6,machine_09,42.6,虛構資料，數字未核
7,machine_09,51.8,虛構資料，數字未核
8,machine_09,52.0,虛構資料，數字未核
9,machine_09,47.0,虛構資料，數字未核
10,machine_09,51.3,虛構資料，數字未核
11,machine_09,55.5,虛構資料，數字未核
12,machine_09,49.9,虛構資料，數字未核
13,machine_09,52.1,虛構資料，數字未核
14,machine_09,89.6,虛構資料，數字未核
15,machine_09,57.3,虛構資料，數字未核
16,machine_09,43.8,虛構資料，數字未核
17,machine_09,40.4,虛構資料，數字未核
18,machine_09,50.8,虛構資料，數字未核
19,machine_09,41.0,虛構資料，數字未核
20,machine_09,44.2,虛構資料，數字未核
21,machine_09,41.4,虛構資料，數字未核
22,machine_09,31.1,虛構資料，數字未核
23,machine_09,36.6,虛構資料，數字未核
0,machine_10,38.2,虛構資料，數字未核
1,machine_10,35.1,虛構資料，數字未核
2,machine_10,40.5,虛構資料，數字未核
3,machine_10,39.4,虛構資料，數字未核
4,machine_10,42.9,虛構資料，數字未核
5,machine_10,44.5,虛構資料，數字未核
6,machine_10,48.8,虛構資料，數字未核
7,machine_10,49.7,虛構資料，數字未核
8,machine_10,50.7,虛構資料，數字未核
9,machine_10,51.5,虛構資料，數字未核
10,machine_10,47.2,虛構資料，數字未核
11,machine_10,52.6,虛構資料，數字未核
12,machine_10,59.9,虛構資料，數字未核
13,machine_10,49.8,虛構資料，數字未核
14,machine_10,52.9,虛構資料，數字未核
15,machine_10,52.3,虛構資料，數字未核
16,machine_10,45.0,虛構資料，數字未核
17,machine_10,47.6,虛構資料，數字未核
18,machine_10,44.1,虛構資料，數字未核
19,machine_10,44.8,虛構資料，數字未核
20,machine_10,37.6,虛構資料，數字未核
21,machine_10,41.9,虛構資料，數字未核
22,machine_10,34.8,虛構資料，數字未核
23,machine_10,35.5,虛構資料，數字未核
0,machine_11,36.7,虛構資料，數字未核
1,machine_11,37.7,虛構資料，數字未核
2,machine_11,42.9,虛構資料，數字未核
3,machine_11,0.0,虛構資料，數字未核
4,machine_11,5.0,虛構資料，數字未核
5,machine_11,48.9,虛構資料，數字未核
6,machine_11,54.2,虛構資料，數字未核
7,machine_11,47.7,虛構資料，數字未核
8,machine_11,49.2,虛構資料，數字未核
9,machine_11,52.6,虛構資料，數字未核
10,machine_11,55.3,虛構資料，數字未核
11,machine_11,62.8,虛構資料，數字未核
12,machine_11,56.4,虛構資料，數字未核
13,machine_11,59.3,虛構資料，數字未核
14,machine_11,58.0,虛構資料，數字未核
15,machine_11,55.4,虛構資料，數字未核
16,machine_11,51.3,虛構資料，數字未核
17,machine_11,48.9,虛構資料，數字未核
18,machine_11,48.6,虛構資料，數字未核
19,machine_11,44.8,虛構資料，數字未核
20,machine_11,38.4,虛構資料，數字未核
21,machine_11,45.9,虛構資料，數字未核
22,machine_11,39.6,虛構資料，數字未核
23,machine_11,36.5,虛構資料，數字未核
0,machine_12,38.2,虛構資料，數字未核
1,machine_12,37.8,虛構資料，數字未核
2,machine_12,39.7,虛構資料，數字未核
3,machine_12,44.7,虛構資料，數字未核
4,machine_12,38.0,虛構資料，數字未核
5,machine_12,49.2,虛構資料，數字未核
6,machine_12,48.2,虛構資料，數字未核
7,machine_12,48.5,虛構資料，數字未核
8,machine_12,51.6,虛構資料，數字未核
9,machine_12,55.8,虛構資料，數字未核
10,machine_12,56.3,虛構資料，數字未核
11,machine_12,60.3,虛構資料，數字未核
12,machine_12,61.6,虛構資料，數字未核
13,machine_12,59.0,虛構資料，數字未核
14,machine_12,58.0,虛構資料，數字未核
15,machine_12,56.1,虛構資料，數字未核
16,machine_12,52.1,虛構資料，數字未核
17,machine_12,53.0,虛構資料，數字未核
18,machine_12,46.6,虛構資料，數字未核
19,machine_12,48.6,虛構資料，數字未核
20,machine_12,43.7,虛構資料，數字未核
21,machine_12,40.5,虛構資料，數字未核
22,machine_12,39.7,虛構資料，數字未核
23,machine_12,41.8,虛構資料，數字未核
